name,url,remote_testing,adaptive_irt,test_types
Global Skills Development Report,https://www.shl.com/solutions/products/product-catalog/view/global-skills-development-report/,Yes,No,"['A', 'E', 'B', 'C', 'D', 'P']"
.NET Framework 4.5,https://www.shl.com/solutions/products/product-catalog/view/net-framework-4-5/,Yes,Yes,['K']
.NET MVC (New),https://www.shl.com/solutions/products/product-catalog/view/net-mvc-new/,Yes,No,['K']
.NET MVVM (New),https://www.shl.com/solutions/products/product-catalog/view/net-mvvm-new/,Yes,No,['K']
.NET WCF (New),https://www.shl.com/solutions/products/product-catalog/view/net-wcf-new/,Yes,No,['K']
.NET WPF (New),https://www.shl.com/solutions/products/product-catalog/view/net-wpf-new/,Yes,No,['K']
.NET XAML (New),https://www.shl.com/solutions/products/product-catalog/view/net-xaml-new/,Yes,No,['K']
Accounts Payable (New),https://www.shl.com/solutions/products/product-catalog/view/accounts-payable-new/,Yes,No,['K']
Accounts Payable Simulation (New),https://www.shl.com/solutions/products/product-catalog/view/accounts-payable-simulation-new/,Yes,No,['S']
Accounts Receivable (New),https://www.shl.com/solutions/products/product-catalog/view/accounts-receivable-new/,Yes,No,['K']
Accounts Receivable Simulation (New),https://www.shl.com/solutions/products/product-catalog/view/accounts-receivable-simulation-new/,Yes,No,['S']
ADO.NET (New),https://www.shl.com/solutions/products/product-catalog/view/ado-net-new/,Yes,No,['K']
Adobe Experience Manager (New),https://www.shl.com/solutions/products/product-catalog/view/adobe-experience-manager-new/,Yes,No,['K']
Adobe Photoshop CC,https://www.shl.com/solutions/products/product-catalog/view/adobe-photoshop-cc/,Yes,Yes,['K']
Aeronautical Engineering (New),https://www.shl.com/solutions/products/product-catalog/view/aeronautical-engineering-new/,Yes,No,['K']
Aerospace Engineering (New),https://www.shl.com/solutions/products/product-catalog/view/aerospace-engineering-new/,Yes,No,['K']
Agile Software Development,https://www.shl.com/solutions/products/product-catalog/view/agile-software-development/,Yes,No,['K']
Agile Testing (New),https://www.shl.com/solutions/products/product-catalog/view/agile-testing-new/,Yes,No,['K']
AI Skills,https://www.shl.com/solutions/products/product-catalog/view/ai-skills/,Yes,No,['P']
Amazon Web Services (AWS) Development (New),https://www.shl.com/solutions/products/product-catalog/view/amazon-web-services-aws-development-new/,Yes,No,['K']
Android Development (New),https://www.shl.com/solutions/products/product-catalog/view/android-development-new/,Yes,No,['K']
Angular 6 (New),https://www.shl.com/solutions/products/product-catalog/view/angular-6-new/,Yes,No,['K']
AngularJS (New),https://www.shl.com/solutions/products/product-catalog/view/angularjs-new/,Yes,No,['K']
Apache Hadoop (New),https://www.shl.com/solutions/products/product-catalog/view/apache-hadoop-new/,Yes,No,['K']
Enterprise Java Beans (New),https://www.shl.com/solutions/products/product-catalog/view/enterprise-java-beans-new/,Yes,No,['K']
Enterprise Leadership Report 1.0,https://www.shl.com/solutions/products/product-catalog/view/enterprise-leadership-report/,Yes,No,['P']
Enterprise Leadership Report 2.0,https://www.shl.com/solutions/products/product-catalog/view/enterprise-leadership-report-2-0/,Yes,No,['P']
Entry Level Cashier Solution,https://www.shl.com/solutions/products/product-catalog/view/entry-level-cashier-solution/,Yes,No,"['C', 'P']"
Entry Level Customer Serv-Retail & Contact Center,https://www.shl.com/solutions/products/product-catalog/view/entry-level-customer-serv-retail-and-contact-center/,Yes,No,"['P', 'C']"
Entry Level Customer Service (General) Solution,https://www.shl.com/solutions/products/product-catalog/view/entry-level-customer-service-general-solution/,Yes,No,"['C', 'P']"
Entry Level Hotel Front Desk Solution,https://www.shl.com/solutions/products/product-catalog/view/entry-level-hotel-front-desk-solution/,Yes,No,"['C', 'P']"
Entry Level Sales Solution,https://www.shl.com/solutions/products/product-catalog/view/entry-level-sales-solution/,Yes,No,"['C', 'P']"
Entry Level Technical Support Solution,https://www.shl.com/solutions/products/product-catalog/view/entry-level-technical-support-solution/,Yes,No,"['P', 'C']"
ETL Testing (New),https://www.shl.com/solutions/products/product-catalog/view/etl-testing-new/,Yes,No,['K']
Executive Scenarios,https://www.shl.com/solutions/products/product-catalog/view/executive-scenarios/,Yes,No,['B']
Executive Scenarios Narrative Report,https://www.shl.com/solutions/products/product-catalog/view/executive-scenarios-narrative-report/,Yes,No,['B']
Executive Scenarios Profile Report,https://www.shl.com/solutions/products/product-catalog/view/executive-scenarios-profile-report/,Yes,No,['B']
ExpressJS (New),https://www.shl.com/solutions/products/product-catalog/view/expressjs-new/,Yes,No,['K']
Filing - Names (R1),https://www.shl.com/solutions/products/product-catalog/view/filing-names-r1/,Yes,No,['K']
Filing - Numbers,https://www.shl.com/solutions/products/product-catalog/view/filing-numbers/,Yes,No,['K']
Financial Accounting (New),https://www.shl.com/solutions/products/product-catalog/view/financial-accounting-new/,Yes,No,['K']
Financial and Banking Services (New),https://www.shl.com/solutions/products/product-catalog/view/financial-and-banking-services-new/,Yes,No,['K']
Fire Engineering (New),https://www.shl.com/solutions/products/product-catalog/view/fire-engineering-new/,Yes,No,['K']
Following Instructions v1 - UK (R1),https://www.shl.com/solutions/products/product-catalog/view/following-instructions-v1-uk-r1/,Yes,No,['K']
Following Instructions v1 - US (R2),https://www.shl.com/solutions/products/product-catalog/view/following-instructions-v1-us-r2/,Yes,No,['K']
Food and Beverage Services (New),https://www.shl.com/solutions/products/product-catalog/view/food-and-beverage-services-new/,Yes,No,['K']
Food Science (New),https://www.shl.com/solutions/products/product-catalog/view/food-science-new/,Yes,No,['K']
Front Office Management (New),https://www.shl.com/solutions/products/product-catalog/view/front-office-management-new/,Yes,No,['K']
Fundamentals of Chemistry (New),https://www.shl.com/solutions/products/product-catalog/view/fundamentals-of-chemistry-new/,Yes,No,['K']
Fundamentals of Physics (New),https://www.shl.com/solutions/products/product-catalog/view/fundamentals-of-physics-new/,Yes,No,['K']
General Diseases (New),https://www.shl.com/solutions/products/product-catalog/view/general-diseases-new/,Yes,No,['K']
Geoinformatics Engineering (New),https://www.shl.com/solutions/products/product-catalog/view/geoinformatics-engineering-new/,Yes,No,['K']
Geoscience Engineering (New),https://www.shl.com/solutions/products/product-catalog/view/geoscience-engineering-new/,Yes,No,['K']
GIT (New),https://www.shl.com/solutions/products/product-catalog/view/git-new/,Yes,No,['K']
Global Skills Assessment,https://www.shl.com/solutions/products/product-catalog/view/global-skills-assessment/,Yes,No,"['C', 'K']"
Graduate Scenarios,https://www.shl.com/solutions/products/product-catalog/view/graduate-scenarios/,Yes,No,['B']
Graduate Scenarios Narrative Report,https://www.shl.com/solutions/products/product-catalog/view/graduate-scenarios-narrative-report/,Yes,No,['B']
Graduate Scenarios Profile Report,https://www.shl.com/solutions/products/product-catalog/view/graduate-scenarios-profile-report/,Yes,No,['B']
Hibernate (New),https://www.shl.com/solutions/products/product-catalog/view/hibernate-new/,Yes,No,['K']
HIPAA (Security),https://www.shl.com/solutions/products/product-catalog/view/hipaa-security/,Yes,Yes,['K']
Fundamentals of Chemistry (New),https://www.shl.com/solutions/products/product-catalog/view/fundamentals-of-chemistry-new/,Yes,No,['K']
Fundamentals of Physics (New),https://www.shl.com/solutions/products/product-catalog/view/fundamentals-of-physics-new/,Yes,No,['K']
General Diseases (New),https://www.shl.com/solutions/products/product-catalog/view/general-diseases-new/,Yes,No,['K']
Geoinformatics Engineering (New),https://www.shl.com/solutions/products/product-catalog/view/geoinformatics-engineering-new/,Yes,No,['K']
Geoscience Engineering (New),https://www.shl.com/solutions/products/product-catalog/view/geoscience-engineering-new/,Yes,No,['K']
GIT (New),https://www.shl.com/solutions/products/product-catalog/view/git-new/,Yes,No,['K']
Global Skills Assessment,https://www.shl.com/solutions/products/product-catalog/view/global-skills-assessment/,Yes,No,"['C', 'K']"
Graduate Scenarios,https://www.shl.com/solutions/products/product-catalog/view/graduate-scenarios/,Yes,No,['B']
Graduate Scenarios Narrative Report,https://www.shl.com/solutions/products/product-catalog/view/graduate-scenarios-narrative-report/,Yes,No,['B']
Graduate Scenarios Profile Report,https://www.shl.com/solutions/products/product-catalog/view/graduate-scenarios-profile-report/,Yes,No,['B']
Hibernate (New),https://www.shl.com/solutions/products/product-catalog/view/hibernate-new/,Yes,No,['K']
HIPAA (Security),https://www.shl.com/solutions/products/product-catalog/view/hipaa-security/,Yes,Yes,['K']
Instrumentation Engineering (New),https://www.shl.com/solutions/products/product-catalog/view/instrumentation-engineering-new/,Yes,No,['K']
Interpersonal Communications,https://www.shl.com/solutions/products/product-catalog/view/interpersonal-communications/,Yes,Yes,['K']
Interviewing and Hiring Concepts (U.S.),https://www.shl.com/solutions/products/product-catalog/view/interviewing-and-hiring-concepts-u-s/,Yes,Yes,['K']
iOS Development (New),https://www.shl.com/solutions/products/product-catalog/view/ios-development-new/,Yes,No,['K']
ITIL (IT Infrastructure Library) (New),https://www.shl.com/solutions/products/product-catalog/view/itil-it-infrastructure-library-new/,Yes,No,['K']
Java 2 Platform Enterprise Edition 1.4 Fundamental,https://www.shl.com/solutions/products/product-catalog/view/java-2-platform-enterprise-edition-1-4-fundamental/,Yes,Yes,['K']
Java 8 (New),https://www.shl.com/solutions/products/product-catalog/view/java-8-new/,Yes,No,['K']
Java Design Patterns (New),https://www.shl.com/solutions/products/product-catalog/view/java-design-patterns-new/,Yes,No,['K']
Java Frameworks (New),https://www.shl.com/solutions/products/product-catalog/view/java-frameworks-new/,Yes,No,['K']
Java Platform Enterprise Edition 7 (Java EE 7),https://www.shl.com/solutions/products/product-catalog/view/java-platform-enterprise-edition-7-java-ee-7/,Yes,Yes,['K']
Java Web Services (New),https://www.shl.com/solutions/products/product-catalog/view/java-web-services-new/,Yes,No,['K']
JavaScript (New),https://www.shl.com/solutions/products/product-catalog/view/javascript-new/,Yes,No,['K']
Jenkins (New),https://www.shl.com/solutions/products/product-catalog/view/jenkins-new/,Yes,No,['K']
Job Control Language (New),https://www.shl.com/solutions/products/product-catalog/view/job-control-language-new/,Yes,No,['K']
jQuery (New),https://www.shl.com/solutions/products/product-catalog/view/jquery-new/,Yes,No,['K']
Kubernetes (New),https://www.shl.com/solutions/products/product-catalog/view/kubernetes-new/,Yes,No,['K']
Linux Administration (New),https://www.shl.com/solutions/products/product-catalog/view/linux-administration-new/,Yes,No,['K']
Linux Operating System,https://www.shl.com/solutions/products/product-catalog/view/linux-operating-system/,Yes,No,['K']
Linux Programming (General),https://www.shl.com/solutions/products/product-catalog/view/linux-programming-general/,Yes,Yes,['K']
Load Runner (New),https://www.shl.com/solutions/products/product-catalog/view/load-runner-new/,Yes,No,['K']
Management Scenarios,https://www.shl.com/solutions/products/product-catalog/view/management-scenarios/,Yes,No,['B']
Managerial Scenarios Candidate Report,https://www.shl.com/solutions/products/product-catalog/view/managerial-scenarios-candidate-report/,Yes,No,['B']
Managerial Scenarios Narrative Report,https://www.shl.com/solutions/products/product-catalog/view/managerial-scenarios-narrative-report/,Yes,No,['B']
Managerial Scenarios Profile Report,https://www.shl.com/solutions/products/product-catalog/view/managerial-scenarios-profile-report/,Yes,No,['B']
Jenkins (New),https://www.shl.com/solutions/products/product-catalog/view/jenkins-new/,Yes,No,['K']
Job Control Language (New),https://www.shl.com/solutions/products/product-catalog/view/job-control-language-new/,Yes,No,['K']
jQuery (New),https://www.shl.com/solutions/products/product-catalog/view/jquery-new/,Yes,No,['K']
Kubernetes (New),https://www.shl.com/solutions/products/product-catalog/view/kubernetes-new/,Yes,No,['K']
Linux Administration (New),https://www.shl.com/solutions/products/product-catalog/view/linux-administration-new/,Yes,No,['K']
Linux Operating System,https://www.shl.com/solutions/products/product-catalog/view/linux-operating-system/,Yes,No,['K']
Linux Programming (General),https://www.shl.com/solutions/products/product-catalog/view/linux-programming-general/,Yes,Yes,['K']
Load Runner (New),https://www.shl.com/solutions/products/product-catalog/view/load-runner-new/,Yes,No,['K']
Management Scenarios,https://www.shl.com/solutions/products/product-catalog/view/management-scenarios/,Yes,No,['B']
Managerial Scenarios Candidate Report,https://www.shl.com/solutions/products/product-catalog/view/managerial-scenarios-candidate-report/,Yes,No,['B']
Managerial Scenarios Narrative Report,https://www.shl.com/solutions/products/product-catalog/view/managerial-scenarios-narrative-report/,Yes,No,['B']
Managerial Scenarios Profile Report,https://www.shl.com/solutions/products/product-catalog/view/managerial-scenarios-profile-report/,Yes,No,['B']
Global Skills Development Report,https://www.shl.com/solutions/products/product-catalog/view/global-skills-development-report/,Yes,No,"['A', 'E', 'B', 'C', 'D', 'P']"
.NET Framework 4.5,https://www.shl.com/solutions/products/product-catalog/view/net-framework-4-5/,Yes,Yes,['K']
.NET MVC (New),https://www.shl.com/solutions/products/product-catalog/view/net-mvc-new/,Yes,No,['K']
.NET MVVM (New),https://www.shl.com/solutions/products/product-catalog/view/net-mvvm-new/,Yes,No,['K']
.NET WCF (New),https://www.shl.com/solutions/products/product-catalog/view/net-wcf-new/,Yes,No,['K']
.NET WPF (New),https://www.shl.com/solutions/products/product-catalog/view/net-wpf-new/,Yes,No,['K']
.NET XAML (New),https://www.shl.com/solutions/products/product-catalog/view/net-xaml-new/,Yes,No,['K']
Accounts Payable (New),https://www.shl.com/solutions/products/product-catalog/view/accounts-payable-new/,Yes,No,['K']
Accounts Payable Simulation (New),https://www.shl.com/solutions/products/product-catalog/view/accounts-payable-simulation-new/,Yes,No,['S']
Accounts Receivable (New),https://www.shl.com/solutions/products/product-catalog/view/accounts-receivable-new/,Yes,No,['K']
Accounts Receivable Simulation (New),https://www.shl.com/solutions/products/product-catalog/view/accounts-receivable-simulation-new/,Yes,No,['S']
ADO.NET (New),https://www.shl.com/solutions/products/product-catalog/view/ado-net-new/,Yes,No,['K']
Global Skills Development Report,https://www.shl.com/solutions/products/product-catalog/view/global-skills-development-report/,Yes,No,"['A', 'E', 'B', 'C', 'D', 'P']"
.NET Framework 4.5,https://www.shl.com/solutions/products/product-catalog/view/net-framework-4-5/,Yes,Yes,['K']
.NET MVC (New),https://www.shl.com/solutions/products/product-catalog/view/net-mvc-new/,Yes,No,['K']
.NET MVVM (New),https://www.shl.com/solutions/products/product-catalog/view/net-mvvm-new/,Yes,No,['K']
.NET WCF (New),https://www.shl.com/solutions/products/product-catalog/view/net-wcf-new/,Yes,No,['K']
.NET WPF (New),https://www.shl.com/solutions/products/product-catalog/view/net-wpf-new/,Yes,No,['K']
.NET XAML (New),https://www.shl.com/solutions/products/product-catalog/view/net-xaml-new/,Yes,No,['K']
Accounts Payable (New),https://www.shl.com/solutions/products/product-catalog/view/accounts-payable-new/,Yes,No,['K']
Accounts Payable Simulation (New),https://www.shl.com/solutions/products/product-catalog/view/accounts-payable-simulation-new/,Yes,No,['S']
Accounts Receivable (New),https://www.shl.com/solutions/products/product-catalog/view/accounts-receivable-new/,Yes,No,['K']
Accounts Receivable Simulation (New),https://www.shl.com/solutions/products/product-catalog/view/accounts-receivable-simulation-new/,Yes,No,['S']
ADO.NET (New),https://www.shl.com/solutions/products/product-catalog/view/ado-net-new/,Yes,No,['K']
Global Skills Development Report,https://www.shl.com/solutions/products/product-catalog/view/global-skills-development-report/,Yes,No,"['A', 'E', 'B', 'C', 'D', 'P']"
.NET Framework 4.5,https://www.shl.com/solutions/products/product-catalog/view/net-framework-4-5/,Yes,Yes,['K']
.NET MVC (New),https://www.shl.com/solutions/products/product-catalog/view/net-mvc-new/,Yes,No,['K']
.NET MVVM (New),https://www.shl.com/solutions/products/product-catalog/view/net-mvvm-new/,Yes,No,['K']
.NET WCF (New),https://www.shl.com/solutions/products/product-catalog/view/net-wcf-new/,Yes,No,['K']
.NET WPF (New),https://www.shl.com/solutions/products/product-catalog/view/net-wpf-new/,Yes,No,['K']
.NET XAML (New),https://www.shl.com/solutions/products/product-catalog/view/net-xaml-new/,Yes,No,['K']
Accounts Payable (New),https://www.shl.com/solutions/products/product-catalog/view/accounts-payable-new/,Yes,No,['K']
Accounts Payable Simulation (New),https://www.shl.com/solutions/products/product-catalog/view/accounts-payable-simulation-new/,Yes,No,['S']
Accounts Receivable (New),https://www.shl.com/solutions/products/product-catalog/view/accounts-receivable-new/,Yes,No,['K']
Accounts Receivable Simulation (New),https://www.shl.com/solutions/products/product-catalog/view/accounts-receivable-simulation-new/,Yes,No,['S']
ADO.NET (New),https://www.shl.com/solutions/products/product-catalog/view/ado-net-new/,Yes,No,['K']
Global Skills Development Report,https://www.shl.com/solutions/products/product-catalog/view/global-skills-development-report/,Yes,No,"['A', 'E', 'B', 'C', 'D', 'P']"
.NET Framework 4.5,https://www.shl.com/solutions/products/product-catalog/view/net-framework-4-5/,Yes,Yes,['K']
.NET MVC (New),https://www.shl.com/solutions/products/product-catalog/view/net-mvc-new/,Yes,No,['K']
.NET MVVM (New),https://www.shl.com/solutions/products/product-catalog/view/net-mvvm-new/,Yes,No,['K']
.NET WCF (New),https://www.shl.com/solutions/products/product-catalog/view/net-wcf-new/,Yes,No,['K']
.NET WPF (New),https://www.shl.com/solutions/products/product-catalog/view/net-wpf-new/,Yes,No,['K']
.NET XAML (New),https://www.shl.com/solutions/products/product-catalog/view/net-xaml-new/,Yes,No,['K']
Accounts Payable (New),https://www.shl.com/solutions/products/product-catalog/view/accounts-payable-new/,Yes,No,['K']
Accounts Payable Simulation (New),https://www.shl.com/solutions/products/product-catalog/view/accounts-payable-simulation-new/,Yes,No,['S']
Accounts Receivable (New),https://www.shl.com/solutions/products/product-catalog/view/accounts-receivable-new/,Yes,No,['K']
Accounts Receivable Simulation (New),https://www.shl.com/solutions/products/product-catalog/view/accounts-receivable-simulation-new/,Yes,No,['S']
ADO.NET (New),https://www.shl.com/solutions/products/product-catalog/view/ado-net-new/,Yes,No,['K']
Medical Terminology (New),https://www.shl.com/solutions/products/product-catalog/view/medical-terminology-new/,Yes,No,['K']
Metallurgical Engineering (New),https://www.shl.com/solutions/products/product-catalog/view/metallurgical-engineering-new/,Yes,No,['K']
MFS 360 Enterprise Leadership Report,https://www.shl.com/solutions/products/product-catalog/view/mfs-360-enterprise-leadership-report/,Yes,No,['D']
MFS 360 UCF Group Report,https://www.shl.com/solutions/products/product-catalog/view/mfs-360-ucf-group-report/,Yes,No,['D']
MFS 360 UCF Performance Potential Dev Tips Report,https://www.shl.com/solutions/products/product-catalog/view/mfs-360-ucf-performance-potential-dev-tips-report/,Yes,No,['D']
MFS 360 UCF Standard Report,https://www.shl.com/solutions/products/product-catalog/view/mfs-360-ucf-standard-report/,Yes,No,['D']
Micro Focus Unified Functional Testing (New),https://www.shl.com/solutions/products/product-catalog/view/micro-focus-unified-functional-testing-new/,Yes,No,['K']
Microservices (New),https://www.shl.com/solutions/products/product-catalog/view/microservices-new/,Yes,No,['K']
Microsoft Dynamics Development (New),https://www.shl.com/solutions/products/product-catalog/view/microsoft-dynamics-development-new/,Yes,No,['K']
Microsoft Excel 365 - Essentials (New),https://www.shl.com/solutions/products/product-catalog/view/microsoft-excel-365-essentials-new/,Yes,No,"['K', 'S']"
Microsoft Excel 365 (New),https://www.shl.com/solutions/products/product-catalog/view/microsoft-excel-365-new/,Yes,No,"['K', 'S']"
Microsoft Outlook 2013 (adaptive),https://www.shl.com/solutions/products/product-catalog/view/microsoft-outlook-2013-adaptive/,Yes,Yes,['K']
Global Skills Development Report,https://www.shl.com/solutions/products/product-catalog/view/global-skills-development-report/,Yes,No,"['A', 'E', 'B', 'C', 'D', 'P']"
.NET Framework 4.5,https://www.shl.com/solutions/products/product-catalog/view/net-framework-4-5/,Yes,Yes,['K']
.NET MVC (New),https://www.shl.com/solutions/products/product-catalog/view/net-mvc-new/,Yes,No,['K']
.NET MVVM (New),https://www.shl.com/solutions/products/product-catalog/view/net-mvvm-new/,Yes,No,['K']
.NET WCF (New),https://www.shl.com/solutions/products/product-catalog/view/net-wcf-new/,Yes,No,['K']
.NET WPF (New),https://www.shl.com/solutions/products/product-catalog/view/net-wpf-new/,Yes,No,['K']
.NET XAML (New),https://www.shl.com/solutions/products/product-catalog/view/net-xaml-new/,Yes,No,['K']
Accounts Payable (New),https://www.shl.com/solutions/products/product-catalog/view/accounts-payable-new/,Yes,No,['K']
Accounts Payable Simulation (New),https://www.shl.com/solutions/products/product-catalog/view/accounts-payable-simulation-new/,Yes,No,['S']
Accounts Receivable (New),https://www.shl.com/solutions/products/product-catalog/view/accounts-receivable-new/,Yes,No,['K']
Accounts Receivable Simulation (New),https://www.shl.com/solutions/products/product-catalog/view/accounts-receivable-simulation-new/,Yes,No,['S']
ADO.NET (New),https://www.shl.com/solutions/products/product-catalog/view/ado-net-new/,Yes,No,['K']
Global Skills Development Report,https://www.shl.com/solutions/products/product-catalog/view/global-skills-development-report/,Yes,No,"['A', 'E', 'B', 'C', 'D', 'P']"
.NET Framework 4.5,https://www.shl.com/solutions/products/product-catalog/view/net-framework-4-5/,Yes,Yes,['K']
.NET MVC (New),https://www.shl.com/solutions/products/product-catalog/view/net-mvc-new/,Yes,No,['K']
.NET MVVM (New),https://www.shl.com/solutions/products/product-catalog/view/net-mvvm-new/,Yes,No,['K']
.NET WCF (New),https://www.shl.com/solutions/products/product-catalog/view/net-wcf-new/,Yes,No,['K']
.NET WPF (New),https://www.shl.com/solutions/products/product-catalog/view/net-wpf-new/,Yes,No,['K']
.NET XAML (New),https://www.shl.com/solutions/products/product-catalog/view/net-xaml-new/,Yes,No,['K']
Accounts Payable (New),https://www.shl.com/solutions/products/product-catalog/view/accounts-payable-new/,Yes,No,['K']
Accounts Payable Simulation (New),https://www.shl.com/solutions/products/product-catalog/view/accounts-payable-simulation-new/,Yes,No,['S']
Accounts Receivable (New),https://www.shl.com/solutions/products/product-catalog/view/accounts-receivable-new/,Yes,No,['K']
Accounts Receivable Simulation (New),https://www.shl.com/solutions/products/product-catalog/view/accounts-receivable-simulation-new/,Yes,No,['S']
ADO.NET (New),https://www.shl.com/solutions/products/product-catalog/view/ado-net-new/,Yes,No,['K']
Medical Terminology (New),https://www.shl.com/solutions/products/product-catalog/view/medical-terminology-new/,Yes,No,['K']
Metallurgical Engineering (New),https://www.shl.com/solutions/products/product-catalog/view/metallurgical-engineering-new/,Yes,No,['K']
MFS 360 Enterprise Leadership Report,https://www.shl.com/solutions/products/product-catalog/view/mfs-360-enterprise-leadership-report/,Yes,No,['D']
MFS 360 UCF Group Report,https://www.shl.com/solutions/products/product-catalog/view/mfs-360-ucf-group-report/,Yes,No,['D']
MFS 360 UCF Performance Potential Dev Tips Report,https://www.shl.com/solutions/products/product-catalog/view/mfs-360-ucf-performance-potential-dev-tips-report/,Yes,No,['D']
MFS 360 UCF Standard Report,https://www.shl.com/solutions/products/product-catalog/view/mfs-360-ucf-standard-report/,Yes,No,['D']
Micro Focus Unified Functional Testing (New),https://www.shl.com/solutions/products/product-catalog/view/micro-focus-unified-functional-testing-new/,Yes,No,['K']
Microservices (New),https://www.shl.com/solutions/products/product-catalog/view/microservices-new/,Yes,No,['K']
Microsoft Dynamics Development (New),https://www.shl.com/solutions/products/product-catalog/view/microsoft-dynamics-development-new/,Yes,No,['K']
Microsoft Excel 365 - Essentials (New),https://www.shl.com/solutions/products/product-catalog/view/microsoft-excel-365-essentials-new/,Yes,No,"['K', 'S']"
Microsoft Excel 365 (New),https://www.shl.com/solutions/products/product-catalog/view/microsoft-excel-365-new/,Yes,No,"['K', 'S']"
Microsoft Outlook 2013 (adaptive),https://www.shl.com/solutions/products/product-catalog/view/microsoft-outlook-2013-adaptive/,Yes,Yes,['K']
Medical Terminology (New),https://www.shl.com/solutions/products/product-catalog/view/medical-terminology-new/,Yes,No,['K']
Metallurgical Engineering (New),https://www.shl.com/solutions/products/product-catalog/view/metallurgical-engineering-new/,Yes,No,['K']
MFS 360 Enterprise Leadership Report,https://www.shl.com/solutions/products/product-catalog/view/mfs-360-enterprise-leadership-report/,Yes,No,['D']
MFS 360 UCF Group Report,https://www.shl.com/solutions/products/product-catalog/view/mfs-360-ucf-group-report/,Yes,No,['D']
MFS 360 UCF Performance Potential Dev Tips Report,https://www.shl.com/solutions/products/product-catalog/view/mfs-360-ucf-performance-potential-dev-tips-report/,Yes,No,['D']
MFS 360 UCF Standard Report,https://www.shl.com/solutions/products/product-catalog/view/mfs-360-ucf-standard-report/,Yes,No,['D']
Micro Focus Unified Functional Testing (New),https://www.shl.com/solutions/products/product-catalog/view/micro-focus-unified-functional-testing-new/,Yes,No,['K']
Microservices (New),https://www.shl.com/solutions/products/product-catalog/view/microservices-new/,Yes,No,['K']
Microsoft Dynamics Development (New),https://www.shl.com/solutions/products/product-catalog/view/microsoft-dynamics-development-new/,Yes,No,['K']
Microsoft Excel 365 - Essentials (New),https://www.shl.com/solutions/products/product-catalog/view/microsoft-excel-365-essentials-new/,Yes,No,"['K', 'S']"
Microsoft Excel 365 (New),https://www.shl.com/solutions/products/product-catalog/view/microsoft-excel-365-new/,Yes,No,"['K', 'S']"
Microsoft Outlook 2013 (adaptive),https://www.shl.com/solutions/products/product-catalog/view/microsoft-outlook-2013-adaptive/,Yes,Yes,['K']
Global Skills Development Report,https://www.shl.com/solutions/products/product-catalog/view/global-skills-development-report/,Yes,No,"['A', 'E', 'B', 'C', 'D', 'P']"
.NET Framework 4.5,https://www.shl.com/solutions/products/product-catalog/view/net-framework-4-5/,Yes,Yes,['K']
.NET MVC (New),https://www.shl.com/solutions/products/product-catalog/view/net-mvc-new/,Yes,No,['K']
.NET MVVM (New),https://www.shl.com/solutions/products/product-catalog/view/net-mvvm-new/,Yes,No,['K']
.NET WCF (New),https://www.shl.com/solutions/products/product-catalog/view/net-wcf-new/,Yes,No,['K']
.NET WPF (New),https://www.shl.com/solutions/products/product-catalog/view/net-wpf-new/,Yes,No,['K']
.NET XAML (New),https://www.shl.com/solutions/products/product-catalog/view/net-xaml-new/,Yes,No,['K']
Accounts Payable (New),https://www.shl.com/solutions/products/product-catalog/view/accounts-payable-new/,Yes,No,['K']
Accounts Payable Simulation (New),https://www.shl.com/solutions/products/product-catalog/view/accounts-payable-simulation-new/,Yes,No,['S']
Accounts Receivable (New),https://www.shl.com/solutions/products/product-catalog/view/accounts-receivable-new/,Yes,No,['K']
Accounts Receivable Simulation (New),https://www.shl.com/solutions/products/product-catalog/view/accounts-receivable-simulation-new/,Yes,No,['S']
ADO.NET (New),https://www.shl.com/solutions/products/product-catalog/view/ado-net-new/,Yes,No,['K']
Global Skills Development Report,https://www.shl.com/solutions/products/product-catalog/view/global-skills-development-report/,Yes,No,"['A', 'E', 'B', 'C', 'D', 'P']"
.NET Framework 4.5,https://www.shl.com/solutions/products/product-catalog/view/net-framework-4-5/,Yes,Yes,['K']
.NET MVC (New),https://www.shl.com/solutions/products/product-catalog/view/net-mvc-new/,Yes,No,['K']
.NET MVVM (New),https://www.shl.com/solutions/products/product-catalog/view/net-mvvm-new/,Yes,No,['K']
.NET WCF (New),https://www.shl.com/solutions/products/product-catalog/view/net-wcf-new/,Yes,No,['K']
.NET WPF (New),https://www.shl.com/solutions/products/product-catalog/view/net-wpf-new/,Yes,No,['K']
.NET XAML (New),https://www.shl.com/solutions/products/product-catalog/view/net-xaml-new/,Yes,No,['K']
Accounts Payable (New),https://www.shl.com/solutions/products/product-catalog/view/accounts-payable-new/,Yes,No,['K']
Accounts Payable Simulation (New),https://www.shl.com/solutions/products/product-catalog/view/accounts-payable-simulation-new/,Yes,No,['S']
Accounts Receivable (New),https://www.shl.com/solutions/products/product-catalog/view/accounts-receivable-new/,Yes,No,['K']
Accounts Receivable Simulation (New),https://www.shl.com/solutions/products/product-catalog/view/accounts-receivable-simulation-new/,Yes,No,['S']
ADO.NET (New),https://www.shl.com/solutions/products/product-catalog/view/ado-net-new/,Yes,No,['K']
Global Skills Development Report,https://www.shl.com/solutions/products/product-catalog/view/global-skills-development-report/,Yes,No,"['A', 'E', 'B', 'C', 'D', 'P']"
.NET Framework 4.5,https://www.shl.com/solutions/products/product-catalog/view/net-framework-4-5/,Yes,Yes,['K']
.NET MVC (New),https://www.shl.com/solutions/products/product-catalog/view/net-mvc-new/,Yes,No,['K']
.NET MVVM (New),https://www.shl.com/solutions/products/product-catalog/view/net-mvvm-new/,Yes,No,['K']
.NET WCF (New),https://www.shl.com/solutions/products/product-catalog/view/net-wcf-new/,Yes,No,['K']
.NET WPF (New),https://www.shl.com/solutions/products/product-catalog/view/net-wpf-new/,Yes,No,['K']
.NET XAML (New),https://www.shl.com/solutions/products/product-catalog/view/net-xaml-new/,Yes,No,['K']
Accounts Payable (New),https://www.shl.com/solutions/products/product-catalog/view/accounts-payable-new/,Yes,No,['K']
Accounts Payable Simulation (New),https://www.shl.com/solutions/products/product-catalog/view/accounts-payable-simulation-new/,Yes,No,['S']
Accounts Receivable (New),https://www.shl.com/solutions/products/product-catalog/view/accounts-receivable-new/,Yes,No,['K']
Accounts Receivable Simulation (New),https://www.shl.com/solutions/products/product-catalog/view/accounts-receivable-simulation-new/,Yes,No,['S']
ADO.NET (New),https://www.shl.com/solutions/products/product-catalog/view/ado-net-new/,Yes,No,['K']
Teradata Development (New),https://www.shl.com/solutions/products/product-catalog/view/teradata-development-new/,Yes,No,['K']
Time Management (U.S.),https://www.shl.com/solutions/products/product-catalog/view/time-management-u-s/,Yes,Yes,['K']
Training Development,https://www.shl.com/solutions/products/product-catalog/view/training-development/,Yes,Yes,['K']
Typing (New),https://www.shl.com/solutions/products/product-catalog/view/typing-new/,Yes,No,['S']
UiPath RPA Development (New),https://www.shl.com/solutions/products/product-catalog/view/uipath-rpa-development-new/,Yes,No,['K']
Universal Competency Framework Interview Guide,https://www.shl.com/solutions/products/product-catalog/view/universal-competency-framework-interview-guide/,Yes,No,"['C', 'P']"
Universal Competency Framework Job profiling guide,https://www.shl.com/solutions/products/product-catalog/view/universal-competency-framework-job-profiling-guide/,Yes,No,"['C', 'P']"
Universal Competency Framework Profiler Cards (44),https://www.shl.com/solutions/products/product-catalog/view/universal-competency-framework-profiler-cards-44/,Yes,No,"['C', 'P']"
UNIX (New),https://www.shl.com/solutions/products/product-catalog/view/unix-new/,Yes,No,['K']
VB.NET (New),https://www.shl.com/solutions/products/product-catalog/view/vb-net-new/,Yes,No,['K']
Verify - Deductive Reasoning,https://www.shl.com/solutions/products/product-catalog/view/verify-deductive-reasoning/,Yes,Yes,['A']
Verify - Following Instructions,https://www.shl.com/solutions/products/product-catalog/view/verify-following-instructions/,Yes,No,['A']
Apache Hadoop Extensions (New),https://www.shl.com/solutions/products/product-catalog/view/apache-hadoop-extensions-new/,Yes,No,['K']
Apache HBase (New),https://www.shl.com/solutions/products/product-catalog/view/apache-hbase-new/,Yes,No,['K']
Apache Hive (New),https://www.shl.com/solutions/products/product-catalog/view/apache-hive-new/,Yes,No,['K']
Apache Kafka (New),https://www.shl.com/solutions/products/product-catalog/view/apache-kafka-new/,Yes,No,['K']
Apache Pig (New),https://www.shl.com/solutions/products/product-catalog/view/apache-pig-new/,Yes,No,['K']
Apache Spark (New),https://www.shl.com/solutions/products/product-catalog/view/apache-spark-new/,Yes,No,['K']
ASP .NET with C# (New),https://www.shl.com/solutions/products/product-catalog/view/asp-net-with-c-new/,Yes,No,['K']
ASP.NET 4.5,https://www.shl.com/solutions/products/product-catalog/view/asp-net-4-5/,Yes,Yes,['K']
Assessment and Development Center Exercises,https://www.shl.com/solutions/products/product-catalog/view/assessment-and-development-center-exercises/,Yes,No,['E']
Automata - Fix (New),https://www.shl.com/solutions/products/product-catalog/view/automata-fix-new/,Yes,No,['S']
Automata - SQL (New),https://www.shl.com/solutions/products/product-catalog/view/automata-sql-new/,Yes,No,['S']
Automata (New),https://www.shl.com/solutions/products/product-catalog/view/automata-new/,Yes,No,['S']
Apache Hadoop Extensions (New),https://www.shl.com/solutions/products/product-catalog/view/apache-hadoop-extensions-new/,Yes,No,['K']
Apache HBase (New),https://www.shl.com/solutions/products/product-catalog/view/apache-hbase-new/,Yes,No,['K']
Apache Hive (New),https://www.shl.com/solutions/products/product-catalog/view/apache-hive-new/,Yes,No,['K']
Apache Kafka (New),https://www.shl.com/solutions/products/product-catalog/view/apache-kafka-new/,Yes,No,['K']
Apache Pig (New),https://www.shl.com/solutions/products/product-catalog/view/apache-pig-new/,Yes,No,['K']
Apache Spark (New),https://www.shl.com/solutions/products/product-catalog/view/apache-spark-new/,Yes,No,['K']
ASP .NET with C# (New),https://www.shl.com/solutions/products/product-catalog/view/asp-net-with-c-new/,Yes,No,['K']
ASP.NET 4.5,https://www.shl.com/solutions/products/product-catalog/view/asp-net-4-5/,Yes,Yes,['K']
Assessment and Development Center Exercises,https://www.shl.com/solutions/products/product-catalog/view/assessment-and-development-center-exercises/,Yes,No,['E']
Automata - Fix (New),https://www.shl.com/solutions/products/product-catalog/view/automata-fix-new/,Yes,No,['S']
Automata - SQL (New),https://www.shl.com/solutions/products/product-catalog/view/automata-sql-new/,Yes,No,['S']
Automata (New),https://www.shl.com/solutions/products/product-catalog/view/automata-new/,Yes,No,['S']
Written English v1,https://www.shl.com/solutions/products/product-catalog/view/written-english-v1/,Yes,Yes,['K']
Written Spanish,https://www.shl.com/solutions/products/product-catalog/view/written-spanish/,Yes,Yes,['K']
Zabbix (New),https://www.shl.com/solutions/products/product-catalog/view/zabbix-new/,Yes,No,['K']
360 Digital Report,https://www.shl.com/solutions/products/product-catalog/view/360-digital-report/,Yes,No,['D']
360Â° Multi-Rater Feedback System (MFS),https://www.shl.com/solutions/products/product-catalog/view/360-multi-rater-feedback-system-mfs/,Yes,No,"['D', 'P']"
